Designator,Mid X,Mid Y,Layer,Rotation
C1,130.762500,-70.664255,top,0.000000
C2,130.762500,-72.800000,top,0.000000
C3,134.264400,-77.419200,top,270.000000
C4,134.435624,-64.818255,top,270.000000
C5,106.813362,-70.365200,top,270.000000
C8,130.762500,-58.018255,top,0.000000
C9,130.762500,-60.191750,top,0.000000
C15,103.000000,-63.710000,top,0.000000
C16,103.000000,-65.865712,top,0.000000
C23,94.766000,-106.143901,top,270.000000
C24,94.450600,-90.398501,top,270.000000
C25,107.815000,-106.036600,top,270.000000
C26,107.877200,-90.500101,top,270.000000
C27,149.562793,-84.812169,top,270.000000
C28,143.487500,-81.100000,top,0.000000
C29,162.150000,-67.619364,top,90.000000
C30,160.650000,-67.622000,top,90.000000
C31,179.050000,-109.675000,top,180.000000
C32,179.200000,-104.600000,top,0.000000
C33,146.800000,-109.500000,top,180.000000
C34,146.800000,-105.200000,top,0.000000
C42,127.419042,-137.871200,top,90.000000
C43,140.091500,-145.600005,top,180.000000
C44,159.308800,-137.871200,top,90.000000
C45,172.291500,-145.400005,top,180.000000
C46,143.487500,-79.450000,top,0.000000
C52,130.762500,-77.554255,top,0.000000
C53,130.762500,-79.664255,top,0.000000
C54,130.762500,-64.908255,top,0.000000
C55,137.716707,-74.722565,top,180.000000
C56,135.180977,-79.887874,top,180.000000
C57,130.762500,-67.018255,top,0.000000
C58,137.710928,-62.076565,top,180.000000
C59,135.352201,-67.286929,top,180.000000
C60,103.000000,-70.600000,top,0.000000
C61,103.000000,-72.710000,top,0.000000
C62,110.150000,-67.768310,top,180.000000
C63,107.089701,-73.050000,top,180.000000
C64,148.000000,-52.500000,top,0.000000
C65,140.500000,-43.500000,top,90.000000
C66,144.250000,-46.600000,top,90.000000
C67,146.800000,-55.300000,top,0.000000
C68,189.000000,-109.000000,top,0.000000
C69,193.000000,-109.000000,top,180.000000
D6,158.445000,-53.132377,top,270.000000
D7,155.075000,-53.132377,top,270.000000
D8,151.800000,-53.132377,top,270.000000
D11,169.824400,-95.783400,top,180.000000
D12,137.795000,-95.783400,top,180.000000
D13,170.280000,-100.750000,top,0.000000
D14,138.312500,-100.750000,top,0.000000
D15,162.150000,-71.178000,top,270.000000
D16,125.175000,-132.994400,top,180.000000
D17,125.715283,-137.826200,top,90.000000
D18,157.675000,-133.451600,top,180.000000
D19,157.683200,-137.916200,top,90.000000
D33,134.480436,-71.435910,top,0.000000
D34,134.506258,-58.808263,top,0.000000
D35,106.731895,-64.459454,top,0.000000
D36,146.000000,-42.300000,top,0.000000
D37,134.800000,-51.750000,top,270.000000
F1,123.400000,-48.010000,top,90.000000
J1,98.000000,-136.375000,top,270.000000
J9,191.925000,-123.825001,top,90.000000
J12,191.925000,-136.375000,top,90.000000
J17,98.000000,-123.825001,top,270.000000
L1,125.130622,-75.486411,top,270.000000
L2,97.300000,-68.410000,top,270.000000
L5,125.081900,-62.836141,top,270.000000
Q3,166.255000,-101.250000,top,0.000000
Q4,134.312500,-101.400000,top,0.000000
Q8,124.965100,-142.360005,top,270.000000
Q10,157.091500,-142.087500,top,270.000000
Q11,132.500000,-45.000000,top,90.000000
R1,135.788776,-77.394945,top,90.000000
R4,135.975000,-64.825000,top,90.000000
R7,108.340238,-70.365200,top,90.000000
R15,169.444700,-83.083400,top,180.000000
R16,169.000000,-90.650000,top,180.000000
R17,169.000000,-87.400000,top,180.000000
R18,169.000000,-85.100000,top,180.000000
R19,165.000000,-79.200000,top,180.000000
R20,169.468800,-81.559400,top,180.000000
R22,143.205200,-88.569800,top,0.000000
R23,148.564600,-72.237600,top,90.000000
R24,158.450000,-46.507377,top,270.000000
R25,155.115455,-46.507377,top,270.000000
R26,151.800000,-46.507377,top,270.000000
R29,181.597500,-79.150000,top,180.000000
R30,181.597500,-74.720386,top,180.000000
R31,181.597500,-70.597109,top,180.000000
R32,181.597500,-66.450000,top,180.000000
R33,181.597500,-62.150000,top,180.000000
R34,181.637501,-83.627280,top,180.000000
R35,162.204400,-102.362000,top,180.000000
R36,130.746558,-137.871200,top,90.000000
R37,162.229800,-100.812600,top,180.000000
R38,130.124200,-100.939600,top,180.000000
R39,170.280000,-102.318918,top,0.000000
R40,138.312500,-102.400000,top,0.000000
R42,130.149600,-102.412800,top,180.000000
R44,160.650000,-71.178000,top,90.000000
R45,137.716707,-73.050000,top,0.000000
R46,134.346679,-73.050000,top,0.000000
R51,129.082800,-137.871200,top,90.000000
R54,124.002800,-137.795000,top,90.000000
R55,163.200000,-137.800000,top,90.000000
R56,161.160000,-137.800000,top,90.000000
R59,156.057600,-137.871200,top,90.000000
R60,137.710928,-60.441750,top,0.000000
R61,110.150000,-66.115712,top,0.000000
R73,137.716707,-71.422699,top,0.000000
R74,134.346679,-60.441750,top,0.000000
R75,137.710928,-58.806935,top,0.000000
R76,106.584179,-66.115712,top,0.000000
R77,110.150000,-64.463114,top,0.000000
R78,139.000000,-46.500000,top,0.000000
R79,140.000000,-50.500000,top,270.000000
R80,141.500000,-53.700000,top,270.000000
R81,148.500000,-50.000000,top,0.000000
R82,190.000000,-117.000000,top,90.000000
R83,192.500000,-117.000000,top,90.000000
R84,195.500000,-114.000000,top,90.000000
R85,130.199999,-52.800000,top,270.000000
SW1,98.842000,-106.981400,top,270.000000
SW2,98.526600,-91.186000,top,270.000000
SW3,111.851000,-106.886600,top,270.000000
SW4,111.963200,-91.287600,top,270.000000
U1,131.962500,-75.164255,top,0.000000
U2,131.962500,-62.518255,top,0.000000
U3,104.200000,-68.210000,top,0.000000
U5,145.670000,-84.900000,top,0.000000
U7,154.600000,-69.400000,top,270.000000
U12,144.500000,-50.500000,top,0.000000
U13,190.750000,-112.000000,top,0.000000
