Ref,Val,Package,PosX,PosY,Rot,Side
"C1","10uF/25V/0805/1%","C_0805_2012Metric_Pad1.18x1.45mm_HandSolder",130.762500,-70.664255,0.000000,top
"C2","10uF/25V/0805/1%","C_0805_2012Metric_Pad1.18x1.45mm_HandSolder",130.762500,-72.800000,0.000000,top
"C3","0.1uF/25V/0603/1%","C_0603_1608Metric_Pad1.08x0.95mm_HandSolder",134.264400,-77.419200,-90.000000,top
"C4","0.1uF/25V/0603/1%","C_0603_1608Metric_Pad1.08x0.95mm_HandSolder",134.435624,-64.818255,-90.000000,top
"C5","0.1uF/25V/0603/1%","C_0603_1608Metric_Pad1.08x0.95mm_HandSolder",106.813362,-70.365200,-90.000000,top
"C8","10uF/25V/0805/1%","C_0805_2012Metric_Pad1.18x1.45mm_HandSolder",130.762500,-58.018255,0.000000,top
"C9","10uF/25V/0805/1%","C_0805_2012Metric_Pad1.18x1.45mm_HandSolder",130.762500,-60.191750,0.000000,top
"C15","10uF/25V/0805/1%","C_0805_2012Metric_Pad1.18x1.45mm_HandSolder",103.000000,-63.710000,0.000000,top
"C16","10uF/25V/0805/1%","C_0805_2012Metric_Pad1.18x1.45mm_HandSolder",103.000000,-65.865712,0.000000,top
"C22","10nF/25V/0603/1%","C_0603_1608Metric_Pad1.08x0.95mm_HandSolder",164.387500,-83.100000,0.000000,top
"C23","0.1uF/25V/0603/1%","C_0603_1608Metric_Pad1.08x0.95mm_HandSolder",94.766000,-106.143901,-90.000000,top
"C24","0.1uF/25V/0603/1%","C_0603_1608Metric_Pad1.08x0.95mm_HandSolder",94.450600,-90.398501,-90.000000,top
"C25","0.1uF/25V/0603/1%","C_0603_1608Metric_Pad1.08x0.95mm_HandSolder",107.815000,-106.036600,-90.000000,top
"C26","0.1uF/25V/0603/1%","C_0603_1608Metric_Pad1.08x0.95mm_HandSolder",107.877200,-90.500101,-90.000000,top
"C27","1nF/25V/0603/1%","C_0603_1608Metric_Pad1.08x0.95mm_HandSolder",149.562793,-84.812169,-90.000000,top
"C28","10uF/25V/0603/1%","C_0603_1608Metric_Pad1.08x0.95mm_HandSolder",143.487500,-81.100000,0.000000,top
"C29","10uF/25V/0603/1%","C_0603_1608Metric_Pad1.08x0.95mm_HandSolder",161.926695,-67.619364,90.000000,top
"C30","0.1uF/25V/0603/1%","C_0603_1608Metric_Pad1.08x0.95mm_HandSolder",160.442000,-67.622000,90.000000,top
"C31","0.1uF/25V/0603/1%","C_0603_1608Metric_Pad1.08x0.95mm_HandSolder",179.050000,-109.675000,180.000000,top
"C32","100uF/16V","CP_Elec_6.3x5.4_Nichicon",178.400000,-105.200000,0.000000,top
"C33","0.1uF/25V/0603/1%","C_0603_1608Metric_Pad1.08x0.95mm_HandSolder",146.227800,-109.804200,180.000000,top
"C34","100uF/16V","CP_Elec_6.3x5.4_Nichicon",146.800000,-105.200000,0.000000,top
"C42","0.1uF/25V/0603/1%","C_0603_1608Metric_Pad1.08x0.95mm_HandSolder",127.419042,-137.871200,90.000000,top
"C43","100uF/16V","CP_Elec_6.3x5.4_Nichicon",140.091500,-145.600005,180.000000,top
"C44","0.1uF/25V/0603/1%","C_0603_1608Metric_Pad1.08x0.95mm_HandSolder",159.308800,-137.871200,90.000000,top
"C45","100uF/16V","CP_Elec_6.3x5.4_Nichicon",172.291500,-145.400005,180.000000,top
"C46","0.1uF/25V/0603/1%","C_0603_1608Metric_Pad1.08x0.95mm_HandSolder",143.487500,-79.704000,0.000000,top
"C47","0.1uF/25V/0603/1%","C_0603_1608Metric_Pad1.08x0.95mm_HandSolder",164.387500,-81.576000,180.000000,top
"C52","22uF/25V/0805/1%","C_0805_2012Metric_Pad1.18x1.45mm_HandSolder",130.762500,-77.554255,0.000000,top
"C53","22uF/25V/0805/1%","C_0805_2012Metric_Pad1.18x1.45mm_HandSolder",130.762500,-79.664255,0.000000,top
"C54","22uF/25V/0805/1%","C_0805_2012Metric_Pad1.18x1.45mm_HandSolder",130.762500,-64.908255,0.000000,top
"C55","18pF/25V/0603/1%/C0G/NP0","C_0603_1608Metric_Pad1.08x0.95mm_HandSolder",137.716707,-74.722565,180.000000,top
"C56","0.1uF/25V/0603/1%","C_0603_1608Metric_Pad1.08x0.95mm_HandSolder",135.180977,-79.887874,180.000000,top
"C57","22uF/25V/0805/1%","C_0805_2012Metric_Pad1.18x1.45mm_HandSolder",130.762500,-67.018255,0.000000,top
"C58","18pF/25V/0603/1%/C0G/NP0","C_0603_1608Metric_Pad1.08x0.95mm_HandSolder",137.710928,-62.076565,180.000000,top
"C59","0.1uF/25V/0603/1%","C_0603_1608Metric_Pad1.08x0.95mm_HandSolder",135.352201,-67.286929,180.000000,top
"C60","22uF/25V/0805/1%","C_0805_2012Metric_Pad1.18x1.45mm_HandSolder",103.000000,-70.600000,0.000000,top
"C61","22uF/25V/0805/1%","C_0805_2012Metric_Pad1.18x1.45mm_HandSolder",103.000000,-72.710000,0.000000,top
"C62","18pF/25V/0603/1%/C0G/NP0","C_0603_1608Metric_Pad1.08x0.95mm_HandSolder",110.150000,-67.768310,180.000000,top
"C63","0.1uF/25V/0603/1%","C_0603_1608Metric_Pad1.08x0.95mm_HandSolder",107.089701,-73.050000,180.000000,top
"D1","SS54","SS54",133.800000,-47.400000,90.000000,top
"D6","LED_0","LED_0603_1608Metric_Pad1.05x0.95mm_HandSolder",158.445000,-53.132377,-90.000000,top
"D7","LED_1","LED_0603_1608Metric_Pad1.05x0.95mm_HandSolder",155.075000,-53.132377,-90.000000,top
"D8","LED_2","LED_0603_1608Metric_Pad1.05x0.95mm_HandSolder",151.800000,-53.132377,-90.000000,top
"D11","SS34","SS34",169.824400,-95.783400,180.000000,top
"D12","SS34","SS34",137.795000,-95.783400,180.000000,top
"D13","LED_Red","LED_0603_1608Metric_Pad1.05x0.95mm_HandSolder",170.280000,-100.750000,0.000000,top
"D14","LED_Red","LED_0603_1608Metric_Pad1.05x0.95mm_HandSolder",138.312500,-100.750000,0.000000,top
"D15","LED_RED","LED_0603_1608Metric_Pad1.05x0.95mm_HandSolder",161.966001,-71.178000,-90.000000,top
"D16","SS34","SS34",125.175000,-132.994400,180.000000,top
"D17","LED_Red","LED_0603_1608Metric_Pad1.05x0.95mm_HandSolder",125.715283,-137.826200,90.000000,top
"D18","SS34","SS34",157.675000,-133.451600,180.000000,top
"D19","LED_Red","LED_0603_1608Metric_Pad1.05x0.95mm_HandSolder",157.683200,-137.916200,90.000000,top
"D33","LED_RED","LED_0603_1608Metric",134.480436,-71.435910,0.000000,top
"D34","LED_RED","LED_0603_1608Metric",134.506258,-58.808263,0.000000,top
"D35","LED_RED","LED_0603_1608Metric",106.731895,-64.459454,0.000000,top
"J1","I2C_4","JST_SH_SM04B-SRSS-TB_1x04-1MP_P1.00mm_Horizontal",98.000000,-136.375000,-90.000000,top
"J9","I2C_1","JST_SH_SM04B-SRSS-TB_1x04-1MP_P1.00mm_Horizontal",191.925000,-123.825001,90.000000,top
"J12","I2C_2","JST_SH_SM04B-SRSS-TB_1x04-1MP_P1.00mm_Horizontal",191.925000,-136.375000,90.000000,top
"J17","I2C_3","JST_SH_SM04B-SRSS-TB_1x04-1MP_P1.00mm_Horizontal",98.000000,-123.825001,-90.000000,top
"L1","4.7uH/4A","4.7uH_2A",125.130622,-75.486411,-90.000000,top
"L2","4.7uH/4A","4.7uH_2A",97.300000,-68.410000,-90.000000,top
"L5","4.7uH/4A","4.7uH_2A",125.081900,-62.836141,-90.000000,top
"Q3","AO3400A","AO3400A",166.255000,-101.250000,0.000000,top
"Q4","AO3400A","AO3400A",134.312500,-101.400000,0.000000,top
"Q8","AO3400A","AO3400A",124.965100,-142.360005,-90.000000,top
"Q10","AO3400A","AO3400A",157.091500,-142.087500,-90.000000,top
"R1","100K/25V/0603/1%","R_0603_1608Metric_Pad0.98x0.95mm_HandSolder",135.788776,-77.394945,90.000000,top
"R4","100K/25V/0603/1%","R_0603_1608Metric_Pad0.98x0.95mm_HandSolder",135.975000,-64.825000,90.000000,top
"R7","100K/25V/0603/1%","R_0603_1608Metric_Pad0.98x0.95mm_HandSolder",108.340238,-70.365200,90.000000,top
"R10","2K2/25V/0603/1%","R_0603_1608Metric_Pad0.98x0.95mm_HandSolder",169.457763,-79.972450,180.000000,top
"R11","4K7/25V/0603/1%","R_0603_1608Metric_Pad0.98x0.95mm_HandSolder",166.900000,-82.200000,-90.000000,top
"R13","10K/25V/0603/1%","R_0603_1608Metric_Pad0.98x0.95mm_HandSolder",158.087500,-87.276000,180.000000,top
"R14","10K/25V/0603/1%","R_0603_1608Metric_Pad0.98x0.95mm_HandSolder",158.087500,-88.800000,180.000000,top
"R15","4K7/25V/0603/1%","R_0603_1608Metric_Pad0.98x0.95mm_HandSolder",169.444700,-83.083400,180.000000,top
"R16","10K/25V/0603/1%","R_0603_1608Metric_Pad0.98x0.95mm_HandSolder",94.778754,-102.767370,-90.000000,top
"R17","10K/25V/0603/1%","R_0603_1608Metric_Pad0.98x0.95mm_HandSolder",94.453786,-86.982572,-90.000000,top
"R18","10K/25V/0603/1%","R_0603_1608Metric_Pad0.98x0.95mm_HandSolder",107.801458,-102.659899,-90.000000,top
"R19","10K/25V/0603/1%","R_0603_1608Metric_Pad0.98x0.95mm_HandSolder",107.899200,-87.087109,-90.000000,top
"R20","4K7/25V/0603/1%","R_0603_1608Metric_Pad0.98x0.95mm_HandSolder",169.468800,-81.559400,180.000000,top
"R22","10k/25V/0603/1%","R_0603_1608Metric_Pad0.98x0.95mm_HandSolder",143.205200,-88.569800,0.000000,top
"R23","10K/25V/0603/1%","R_0603_1608Metric_Pad0.98x0.95mm_HandSolder",148.564600,-72.237600,90.000000,top
"R24","1K/25V/0603/1%","R_0603_1608Metric_Pad0.98x0.95mm_HandSolder",158.450000,-46.507377,-90.000000,top
"R25","1K/25V/0603/1%","R_0603_1608Metric_Pad0.98x0.95mm_HandSolder",155.115455,-46.507377,-90.000000,top
"R26","1K/25V/0603/1%","R_0603_1608Metric_Pad0.98x0.95mm_HandSolder",151.800000,-46.507377,-90.000000,top
"R29","10K/25V/0603/1%","R_0603_1608Metric_Pad0.98x0.95mm_HandSolder",181.597500,-79.150000,180.000000,top
"R30","10K/25V/0603/1%","R_0603_1608Metric_Pad0.98x0.95mm_HandSolder",181.597500,-74.720386,180.000000,top
"R31","10K/25V/0603/1%","R_0603_1608Metric_Pad0.98x0.95mm_HandSolder",181.597500,-70.597109,180.000000,top
"R32","10K/25V/0603/1%","R_0603_1608Metric_Pad0.98x0.95mm_HandSolder",181.597500,-66.450000,180.000000,top
"R33","10K/25V/0603/1%","R_0603_1608Metric_Pad0.98x0.95mm_HandSolder",181.597500,-62.150000,180.000000,top
"R34","10K/25V/0603/1%","R_0603_1608Metric_Pad0.98x0.95mm_HandSolder",181.637501,-83.627280,180.000000,top
"R35","100R/25V/0603/1%","R_0603_1608Metric_Pad0.98x0.95mm_HandSolder",162.204400,-102.362000,180.000000,top
"R36","100R/25V/0603/1%","R_0603_1608Metric_Pad0.98x0.95mm_HandSolder",130.746558,-137.871200,90.000000,top
"R37","10K/25V/0603/1%","R_0603_1608Metric_Pad0.98x0.95mm_HandSolder",162.229800,-100.812600,180.000000,top
"R38","10K/25V/0603/1%","R_0603_1608Metric_Pad0.98x0.95mm_HandSolder",130.124200,-100.939600,180.000000,top
"R39","1K/25V/0603/1%","R_0603_1608Metric_Pad0.98x0.95mm_HandSolder",170.280000,-102.318918,0.000000,top
"R40","1K/25V/0603/1%","R_0603_1608Metric_Pad0.98x0.95mm_HandSolder",138.312500,-102.400000,0.000000,top
"R42","100R/25V/0603/1%","R_0603_1608Metric_Pad0.98x0.95mm_HandSolder",130.149600,-102.412800,180.000000,top
"R44","330/25V/0603/1%","R_0603_1608Metric_Pad0.98x0.95mm_HandSolder",160.442000,-71.178000,90.000000,top
"R45","197K/25V/0603/1%","R_0603_1608Metric_Pad0.98x0.95mm_HandSolder",137.716707,-73.050000,0.000000,top
"R46","30K/25V/0603/1%","R_0603_1608Metric_Pad0.98x0.95mm_HandSolder",134.346679,-73.050000,0.000000,top
"R51","10K/25V/0603/1%","R_0603_1608Metric_Pad0.98x0.95mm_HandSolder",129.082800,-137.871200,90.000000,top
"R54","1K/25V/0603/1%","R_0603_1608Metric_Pad0.98x0.95mm_HandSolder",124.002800,-137.795000,90.000000,top
"R55","100R/25V/0603/1%","R_0603_1608Metric_Pad0.98x0.95mm_HandSolder",163.200000,-137.800000,90.000000,top
"R56","10K/25V/0603/1%","R_0603_1608Metric_Pad0.98x0.95mm_HandSolder",161.160000,-137.800000,90.000000,top
"R59","1K/25V/0603/1%","R_0603_1608Metric_Pad0.98x0.95mm_HandSolder",156.057600,-137.871200,90.000000,top
"R60","270K/25V/0603/1%","R_0603_1608Metric_Pad0.98x0.95mm_HandSolder",137.710928,-60.441750,0.000000,top
"R61","135K/25V/0603/1%","R_0603_1608Metric_Pad0.98x0.95mm_HandSolder",110.150000,-66.115712,0.000000,top
"R73","550/25V/0603/1%","R_0603_1608Metric_Pad0.98x0.95mm_HandSolder",137.716707,-71.422699,0.000000,top
"R74","30K/25V/0603/1%","R_0603_1608Metric_Pad0.98x0.95mm_HandSolder",134.346679,-60.441750,0.000000,top
"R75","1k/25V/0603/1%","R_0603_1608Metric_Pad0.98x0.95mm_HandSolder",137.710928,-58.806935,0.000000,top
"R76","30K/25V/0603/1%","R_0603_1608Metric_Pad0.98x0.95mm_HandSolder",106.584179,-66.115712,0.000000,top
"R77","330/25V/0603/1%","R_0603_1608Metric_Pad0.98x0.95mm_HandSolder",110.150000,-64.463114,0.000000,top
"SW1","SW2","SW_Push_1P1T_NO_E-Switch_TL3301NxxxxxG",98.842000,-106.981400,-90.000000,top
"SW2","SW2","SW_Push_1P1T_NO_E-Switch_TL3301NxxxxxG",98.526600,-91.186000,-90.000000,top
"SW3","SW2","SW_Push_1P1T_NO_E-Switch_TL3301NxxxxxG",111.851000,-106.886600,-90.000000,top
"SW4","SW2","SW_Push_1P1T_NO_E-Switch_TL3301NxxxxxG",111.963200,-91.287600,-90.000000,top
"U1","TPS563203DRLR","TPS563203DRLR",131.962500,-75.164255,0.000000,top
"U2","TPS563203DRLR","TPS563203DRLR",131.962500,-62.518255,0.000000,top
"U3","TPS563203DRLR","TPS563203DRLR",104.200000,-68.210000,0.000000,top
"U4","TCA9534APWR","TCA9534APWR",165.070000,-86.735000,0.000000,top
"U5","MPRLS0025PA00001A","MPRLS0025PA00001A",145.670000,-84.900000,0.000000,top
"U7","PCA9685","PCA9685",154.600000,-69.400000,-90.000000,top
"U8","PUMP","PUMP",176.266738,-119.758214,180.000000,top
"U9","VALVE","VALVE",144.083000,-156.760000,180.000000,top
"U10","VALVE2","VALVE",176.283000,-156.760000,180.000000,top
"U11","PUMP","PUMP",143.991738,-119.758214,180.000000,top
