"Comment","Designator","Footprint","LCSC Part #"
"10uF 25V X5R ±10%","C1,C2,C8,C9,C15,C16","Capacitor_SMD:C_0805_2012Metric_Pad1.18x1.45mm_HandSolder","C5448891"
"100nF 50V X7R ±10%","C3, C4, C5, C23, C24, C25, C26, C30, C31, C33, C42, C44, C46, C47, C56, C59, C63, C68, C69","Capacitor_SMD:C_0603_1608Metric_Pad1.08x0.95mm_HandSolder","C14663"
"10nF 50V ±10%","C22","Capacitor_SMD:C_0603_1608Metric_Pad1.08x0.95mm_HandSolder","C57112"
"1nF 50V X7R ±5%","C27","Capacitor_SMD:C_0603_1608Metric_Pad1.08x0.95mm_HandSolder","C5360811"
"10uF 25V X5R ±10%","C28,C29","Capacitor_SMD:C_0603_1608Metric_Pad1.08x0.95mm_HandSolder","C7393892"
"22uF 50V ±20%","C32,C34,C43,C45","Capacitor_SMD:CP_Elec_6.3x5.8","C128458"
"22uF 25V X5R ±20%","C52,C53,C54,C57,C60,C61","Capacitor_SMD:C_0805_2012Metric_Pad1.18x1.45mm_HandSolder","C20416420"
"18pF 50V C0G ±2%","C55,C58,C62","Capacitor_SMD:C_0603_1608Metric_Pad1.08x0.95mm_HandSolder","C2169079"
"3.3nF 50V X7R ±10%","C64","Capacitor_SMD:C_0603_1608Metric","C107088"
"1uF 50V X7R ±10%","C65","Capacitor_SMD:C_0805_2012Metric","C91185"
"100nF 50V X7R ±10%","C66","Capacitor_SMD:C_0603_1608Metric","C14663"
"4.7uF 50V X7R ±10%","C67","Capacitor_SMD:C_1206_3216Metric","C132170"
"B540C-13-F","D1","Diode_SMD:D_SMC","C72264"
"LED_Red","D6,D7,D8,D13,D14,D15,D17,D19","LED_SMD:LED_0603_1608Metric_Pad1.05x0.95mm_HandSolder","C434419"
"SS34","D11,D12,D16,D18","Diode_SMD:D_SMA","C115205"
"LED_Red","D33,D34,D35","LED_SMD:LED_0603_1608Metric","C434419"
"SMBJ13A","D36","Diode_SMD:D_SMB","C151252"
"2A time-delay JFC1032-1200TS","F1","RheoBoard:Fuse_JDT_JFC1032TS_10.25x3.2mm","C53035082"
"JST SH 4-pin 1.00mm","J1,J9,J12,J17","Connector_JST:JST_SH_SM04B-SRSS-TB_1x04-1MP_P1.00mm_Horizontal","C160404"
"4.7uH FXL0530-4R7-M","L1,L2,L5","Inductor_SMD:L_Changjiang_FXL0530","C177246"
"AO3400A","Q3,Q4,Q8,Q10","RheoBoard:AO3400A","C20917"
"100K/0603/1%","R1,R4,R7","Resistor_SMD:R_0603_1608Metric_Pad0.98x0.95mm_HandSolder","C25803"
"2K2/0603/1%","R10","Resistor_SMD:R_0603_1608Metric_Pad0.98x0.95mm_HandSolder","C4190"
"4K7/0603/1%","R11, R15, R20, R82, R83","Resistor_SMD:R_0603_1608Metric_Pad0.98x0.95mm_HandSolder","C23162"
"10K/0603/1%","R13, R14, R16, R17, R18, R19, R22, R23, R29, R30, R31, R32, R33, R34, R37, R38, R51, R56, R84","Resistor_SMD:R_0603_1608Metric_Pad0.98x0.95mm_HandSolder","C25804"
"1k/0603/1%","R24,R25,R26,R39,R40,R54,R59,R75","Resistor_SMD:R_0603_1608Metric_Pad0.98x0.95mm_HandSolder","C21190"
"100R/0603/1%","R35,R36,R42,R55","Resistor_SMD:R_0603_1608Metric_Pad0.98x0.95mm_HandSolder","C22775"
"330/0603/1%","R44,R77","Resistor_SMD:R_0603_1608Metric_Pad0.98x0.95mm_HandSolder","C23138"
"196k ±1%","R45","Resistor_SMD:R_0603_1608Metric_Pad0.98x0.95mm_HandSolder","C4203218"
"30K/0603/1%","R46,R74,R76","Resistor_SMD:R_0603_1608Metric_Pad0.98x0.95mm_HandSolder","C22984"
"270K/0603/1%","R60","Resistor_SMD:R_0603_1608Metric_Pad0.98x0.95mm_HandSolder","C22965"
"135k ±0.1%","R61","Resistor_SMD:R_0603_1608Metric_Pad0.98x0.95mm_HandSolder","C861113"
"549R ±1%","R73","Resistor_SMD:R_0603_1608Metric_Pad0.98x0.95mm_HandSolder","C23079"
"680k ±1%","R78","Resistor_SMD:R_0603_1608Metric","C25822"
"100K/0603/1%","R79","Resistor_SMD:R_0603_1608Metric","C25803"
"390k ±1%","R80","Resistor_SMD:R_0603_1608Metric","C2759410"
"1.65k ±1%","R81","Resistor_SMD:R_0603_1608Metric","C22845"
"TL3301NF160QG/P010515","SW1,SW2,SW3,SW4","RheoBoard:Tactile_Switch_4pad","C273527"
"TPS563203DRLR","U1,U2,U3","RheoBoard:TPS563203DRLR","C22445512"
"TCA9534APWR","U4","RheoBoard:TCA9534APWR","C206010"
"MPRLS0025PA00001A","U5","RheoBoard:MPRLS0025PA00001A","C3257154"
"PCA9685PW,118","U7","RheoBoard:PCA9685","C2678753"
"TPS259472ARPWR","U12","RheoBoard:TI_RPW0010A_VQFN-HR_2x2mm","C3662789"
"TCA9517ADGKR","U13","RheoBoard:TI_DGK0008A_VSSOP_3x3mm_P0.65mm","C201698"
